Time,Protocol,Length,ICMPv6 type,ICMPv6 checksum,Source_seg_0,Destination_seg_0,Source_seg_1,Destination_seg_1,Source_seg_2,Destination_seg_2,Source_seg_3,Destination_seg_3,Source_seg_4,Destination_seg_4,Source_seg_5,Destination_seg_5,Source_seg_6,Destination_seg_6,Source_seg_7,Destination_seg_7
766.604678,0,1330,0,55858,23118,65282,12040,0,6555,0,27755,0,27584,0,55374,0,34775,0,11111,22222
534.97244,0,1122,3,63650,55481,51640,36835,30001,6711,1484,15328,20361,18891,62827,56629,23739,27320,23971,33333,44444
1582.632842,0,162,0,63563,31062,65282,61594,0,39565,0,18655,0,55754,0,20844,0,59028,0,55555,66666
1454.110255,0,1542,0,45293,35311,65282,63618,0,19627,0,19034,0,3289,0,31814,0,8670,0,77777,88888
191.676793,0,1015,4,58987,23810,30793,15296,48889,44552,51206,33901,37375,954,50464,37806,5249,19481,59234,99999,12345
